subdiv,vertices,triangles,time
1,42,80,0.003287076950073242
2,162,320,0.004855155944824219
3,642,1280,0.009442806243896484
4,2562,5120,0.02991175651550293
5,10242,20480,0.0995798110961914
